Nome do Aluno,Matrícula,Código Disciplina,Nome Disciplina,Docente,Local,Horário SIGAA
Ana Paula Ferreira da Silva,202203672,EEC0096,FENÔMENOS DE TRANSPORTE,DANILO DUARTE COSTA E SILVA,CAE-EMC-202,Qui 08:50 - 10:50
Ana Paula Ferreira da Silva,202203672,IFI0325,FÍSICA III,DANIEL LOPO DA SILVA,Sala 504 CAP,Ter/Sex 13:10 - 14:50
Ana Paula Ferreira da Silva,202203672,CIT0137,PROJETO DE TERMINAIS DE PASSAGEIROS,RODRIGO PINHEIRO TOFFANO PEREIRA,Sala de Desenho - 109 - FCT/Aparecida,Qui 13:10 - 16:50
Ana Paula Ferreira da Silva,202203672,CIT0111,SEGURANÇA DOS SISTEMAS DE TRANSPORTE,CINTIA ISABEL DE CAMPOS ROQUE GUERRERO,Sala 506 - FCT/Aparecida,Qua 08:00 - 11:40
Ana Paula Ferreira da Silva,202203672,CIT0118,TRABALHO DE CONCLUSÃO DE CURSO 2,POLIANA DE SOUSA LEITE,A definir,Qua/Qui 11:40 - 12:30
Ana Paula Ferreira da Silva,202203672,CIT0540,TRÂNSITO E EDUCAÇÃO,CINTIA ISABEL DE CAMPOS ROQUE GUERRERO,Mini-auditório - Sala 202 (2º andar FCT),Sex 08:00 - 11:40
Ana Paula Ferreira da Silva,202203672,CIT0330,TRANSPORTES E TURISMO,RODRIGO PINHEIRO TOFFANO PEREIRA,100% EAD - 100% Assíncrona,EAD
Guilherme Junqueira Serafim,202301988,CIT0099,ANÁLISE DE INVESTIMENTO EM TRANSPORTES,MATHEUS SILVA OLIVEIRA,Sala 504 - FCT,Qui 13:10 - 16:50
Guilherme Junqueira Serafim,202301988,IME0356,CÁLCULO 2A,MAYK JOAQUIM DOS SANTOS,"Sala 208 - FCT, CAP",Seg/Qua/Sex 13:10 - 14:50
Guilherme Junqueira Serafim,202301988,CIT0097,ENGENHARIA DE TRÁFEGO 1,RONNY MARCELO ALIAGA MEDRANO,Lab. Desenvolvimento em Transportes (LDT),Qua 08:00 - 11:40
Guilherme Junqueira Serafim,202301988,IFI0327,FÍSICA EXPERIMENTAL II,HERMINIA VERIDIANA DOS SANTOS PESSONI E SILVA,Sala 203 IF-1,Qui 08:00 - 09:40
Guilherme Junqueira Serafim,202301988,IFI0325,FÍSICA III,DANIEL LOPO DA SILVA,Sala 504 CAP,Ter/Sex 08:00 - 09:40
Guilherme Junqueira Serafim,202301988,CIT0557,INTRODUÇÃO À INTELIGÊNCIA ARTIFICIAL GENERATIVA,MARCOS PAULINO RORIZ JUNIOR,Presencial UFG Aparecida - Sala 303 (Lab.Inf),Seg/Ter 10:00 - 11:40
Guilherme Junqueira Serafim,202301988,CIT0100,TECNOLOGIA AQUAVIÁRIA,MATHEUS SILVA OLIVEIRA,Sala 308 - FCT,Sex 14:50 - 16:50
Guilherme Junqueira Serafim,202301988,CIT0101,TECNOLOGIA FERROVIÁRIA,GEORGE WILTON ALBUQUERQUE RANGEL,Sala 308 - FCT,Qua 14:50 - 16:50
Guilherme Junqueira Serafim,202301988,CIT0041,TEORIA E TÉCNICA DE PLANEJAMENTO INTEGRADO EM TRANSPORTES,CRISTIANO FARIAS ALMEIDA,SALA 505 - FCT/Aparecida,Ter 14:50 - 16:50
José Gomes de Souza Lima,202405289,CIT0099,ANÁLISE DE INVESTIMENTO EM TRANSPORTES,MATHEUS SILVA OLIVEIRA,"Sala 504 - FCT, Campus Aparecida",Qui 13:10 - 16:50
José Gomes de Souza Lima,202405289,CIT0109,ASPECTOS ORGANIZACIONAIS E JURÍDICOS DOS TRANSPORTES,MARCELO BARBOSA CESAR,SALA 507 - FCT,Ter 13:10 - 16:50
José Gomes de Souza Lima,202405289,CIT0097,ENGENHARIA DE TRÁFEGO 1,RONNY MARCELO ALIAGA MEDRANO,Lab. Desenvolvimento em Transportes (LDT),Qua 08:00 - 11:40
José Gomes de Souza Lima,202405289,IFI0327,FÍSICA EXPERIMENTAL II,HERMINIA VERIDIANA DOS SANTOS PESSONI E SILVA,Sala 203 IF-1,Qui 08:00 - 09:40
José Gomes de Souza Lima,202405289,IFI0325,FÍSICA III,DANIEL LOPO DA SILVA,Sala 504 CAP,Ter/Sex 08:00 - 09:40
José Gomes de Souza Lima,202405289,CIT0557,INTRODUÇÃO À INTELIGÊNCIA ARTIFICIAL GENERATIVA,MARCOS PAULINO RORIZ JUNIOR,Presencial UFG Aparecida - Sala 303 (Lab.Inf),Seg/Ter 10:00 - 11:40
José Gomes de Souza Lima,202405289,CIT0505,MATERIAIS DE CONSTRUÇÃO,GEORGE WILTON ALBUQUERQUE RANGEL,"Sala 308 - FCT, Campus Aparecida",Qua 13:10 - 14:50
José Gomes de Souza Lima,202405289,FAL1806,PORTUGUÊS BÁSICO B,ALLICE TOLEDO LIMA DA SILVEIRA,Samambaia,A definir
José Gomes de Souza Lima,202405289,CIT0100,TECNOLOGIA AQUAVIÁRIA,MATHEUS SILVA OLIVEIRA,"Sala 308 - FCT, Campus Aparecida",Sex 14:50 - 16:50
José Gomes de Souza Lima,202405289,CIT0101,TECNOLOGIA FERROVIÁRIA,GEORGE WILTON ALBUQUERQUE RANGEL,"Sala 308 - FCT, Campus Aparecida",Qua 14:50 - 16:50
José Gomes de Souza Lima,202405289,CIT0330,TRANSPORTES E TURISMO,RODRIGO PINHEIRO TOFFANO PEREIRA,100% EAD - Assíncrona,EAD
Kariny Lessa Cardoso,202304512,CIT0506,EMPREENDEDORISMO EM TRANSPORTES / DESENHO POR COMPUTADOR,GERSON DOS SANTOS LISBOA,SALA 304 - Lab. Informática - FCT,Ter 08:00 - 11:40
Kariny Lessa Cardoso,202304512,IME0377,ESTATÍSTICA APLICADA,MAYK JOAQUIM DOS SANTOS,Sala FCT,Seg/Qua 10:00 - 11:40
Kariny Lessa Cardoso,202304512,CIT0098,LOGÍSTICA E CADEIAS DE SUPRIMENTOS / TOPOGRAFIA,MARCELO BARBOSA CESAR,"Sala 304, Lab. Informática - FCT",Seg 13:10 - 16:50
Kariny Lessa Cardoso,202304512,IFI0325,FÍSICA III,DANIEL LOPO DA SILVA,Sala 504 CAP,Ter/Sex 13:10 - 14:50
Kariny Lessa Cardoso,202304512,CIT0112,AVALIAÇÃO SOCIOECONÔMICA E AMBIENTAL DE PROJETOS DE SISTEMAS DE TRANSPORTES,RODRIGO PINHEIRO TOFFANO PEREIRA,sala 505 - FCT / Aparecida,Qua 13:10 - 14:50
Kariny Lessa Cardoso,202304512,CIT0507,GEOPROCESSAMENTO / GEOTECNIA,GERSON DOS SANTOS LISBOA,SALA 304 - Lab. Informática - FCT,Qui 13:10 - 16:50
Kariny Lessa Cardoso,202304512,CIT0387,MECÂNICA DOS SÓLIDOS / TOPOGRAFIA,GERSON DOS SANTOS LISBOA,LABORATÓRIO DE INFORMÁTICA 1 - 3º ANDAR,Sex 08:00 - 11:40
Maciane Favacho Barros,202409831,CIT0361,FUNDAMENTOS DE CONTABILIDADE / QUÍMICA,VINICIUS DE FARIA PAULA,"108, FCT, CAP, Aparecida",Sex 08:00 - 09:40
Maciane Favacho Barros,202409831,IFI0203,FÍSICA I,Docente FCT,Sala 201 IF,Ter/Sex 10:00 - 11:40
Maciane Favacho Barros,202409831,CIT0362,GESTÃO DE PROJETOS / ÁLGEBRA LINEAR,ARINEIA NOGUEIRA DE ASSIS,"503, FCT, CAP, Aparecida",Qua 10:00 - 11:40
Maciane Favacho Barros,202409831,CIT0162,GESTÃO DE CUSTOS / CÁLCULO 1,VINICIUS DE FARIA PAULA,"506, FCT, CAP, Aparecida",Qui 13:10 - 16:50
Maciane Favacho Barros,202409831,IME0378,CÁLCULO 2B,MAYK JOAQUIM DOS SANTOS,Sala FCT,Qua/Sex 14:50 - 16:50
Maciane Favacho Barros,202409831,IFI0326,FÍSICA EXPERIMENTAL I,Docente FCT,Lab. Física,Ter 16:50 - 18:30
Rafael Augusto de Souza,202401102,CIT0097,ENGENHARIA DE TRÁFEGO 1,RONNY MARCELO ALIAGA MEDRANO,Lab. LDT,Qua 08:00 - 11:40
Rafael Augusto de Souza,202401102,CIT0505,MATERIAIS DE CONSTRUÇÃO,GEORGE WILTON ALBUQUERQUE RANGEL,Sala 308 - FCT,Qua 13:10 - 14:50
Rafael Augusto de Souza,202401102,CIT0101,TECNOLOGIA FERROVIÁRIA,GEORGE WILTON ALBUQUERQUE RANGEL,Sala 308 - FCT,Qua 14:50 - 16:50
Rafael Augusto de Souza,202401102,CIT0099,ANÁLISE DE INVESTIMENTO EM TRANSPORTES,MATHEUS SILVA OLIVEIRA,Sala 504 - FCT,Qui 13:10 - 16:50
Rafael Augusto de Souza,202401102,CIT0100,TECNOLOGIA AQUAVIÁRIA,MATHEUS SILVA OLIVEIRA,Sala 308 - FCT,Sex 14:50 - 16:50
Rennan Cavalcante Guevara,202203696,CIT0109,ASPECTOS ORGANIZACIONAIS E JURÍDICOS DOS TRANSPORTES,MARCELO BARBOSA CESAR,SALA 507 - FCT,Ter 13:10 - 16:50
Rennan Cavalcante Guevara,202203696,CIT0097,ENGENHARIA DE TRÁFEGO 1,RONNY MARCELO ALIAGA MEDRANO,Lab. Desenvolvimento em Transportes (LDT),Qua 08:00 - 11:40
Rennan Cavalcante Guevara,202203696,IFI0001,FÍSICA III,MARCIO ADRIANO RODRIGUES SOUZA,"Sala 203, CAA, CAS, Goiânia",Ter/Qui 08:00 - 09:40
Rennan Cavalcante Guevara,202203696,INF0111,INTRODUÇÃO À COMPUTAÇÃO,LEANDRO LUIS GALDINO DE OLIVEIRA,Sala 3N45 / 104 CAA,Seg/Qui 20:30 - 22:00
Rennan Cavalcante Guevara,202203696,CIT0557,INTRODUÇÃO À INTELIGÊNCIA ARTIFICIAL GENERATIVA,MARCOS PAULINO RORIZ JUNIOR,Presencial UFG Aparecida - Sala 303 (Lab.Inf),Seg/Ter 10:00 - 11:40
Rennan Cavalcante Guevara,202203696,CIT0505,MATERIAIS DE CONSTRUÇÃO,GEORGE WILTON ALBUQUERQUE RANGEL,"Sala 308 - FCT, Campus Aparecida",Qua 13:10 - 14:50
Rennan Cavalcante Guevara,202203696,FAL1806,PORTUGUÊS BÁSICO B,ALLICE TOLEDO LIMA DA SILVEIRA,Samambaia,A definir
Rennan Cavalcante Guevara,202203696,CIT0137,PROJETO DE TERMINAIS DE PASSAGEIROS,RODRIGO PINHEIRO TOFFANO PEREIRA,Sala de Desenho - 109 - FCT/Aparecida,Qui 13:10 - 16:50
Rennan Cavalcante Guevara,202203696,CIT0101,TECNOLOGIA FERROVIÁRIA,GEORGE WILTON ALBUQUERQUE RANGEL,"Sala 308 - FCT, Campus Aparecida",Qua 14:50 - 16:50
