Aluno,Dia_da_Semana,08:00 - 08:50,08:50 - 09:40,10:00 - 10:50,10:50 - 11:40,11:40 - 12:30,13:10 - 14:00,14:00 - 14:50,14:50 - 15:40,16:00 - 16:50,16:50 - 17:40,17:40 - 18:30
Ana Paula Ferreira da Silva (Matrícula 202203672),Segunda,LIVRE,LIVRE,LIVRE,LIVRE,LIVRE,LIVRE,LIVRE,LIVRE,LIVRE,LIVRE,LIVRE
Ana Paula Ferreira da Silva (Matrícula 202203672),Terça,LIVRE,LIVRE,LIVRE,LIVRE,LIVRE,AULA (IFI0325),AULA (IFI0325),LIVRE,LIVRE,LIVRE,LIVRE
Ana Paula Ferreira da Silva (Matrícula 202203672),Quarta,AULA (CIT0111),AULA (CIT0111),AULA (CIT0111),AULA (CIT0111),AULA (CIT0118),LIVRE,LIVRE,LIVRE,LIVRE,LIVRE,LIVRE
Ana Paula Ferreira da Silva (Matrícula 202203672),Quinta,LIVRE,AULA (EEC0096),AULA (EEC0096),LIVRE,AULA (CIT0118),AULA (CIT0137),AULA (CIT0137),AULA (CIT0137),AULA (CIT0137),LIVRE,LIVRE
Ana Paula Ferreira da Silva (Matrícula 202203672),Sexta,AULA (CIT0540),AULA (CIT0540),AULA (CIT0540),AULA (CIT0540),LIVRE,AULA (IFI0325),AULA (IFI0325),LIVRE,LIVRE,LIVRE,LIVRE
José Gomes de Souza Lima (Matrícula 202405289),Segunda,LIVRE,LIVRE,AULA (CIT0557),AULA (CIT0557),LIVRE,LIVRE,LIVRE,LIVRE,LIVRE,LIVRE,LIVRE
José Gomes de Souza Lima (Matrícula 202405289),Terça,AULA (IFI0325),AULA (IFI0325),AULA (CIT0557),AULA (CIT0557),LIVRE,AULA (CIT0109),AULA (CIT0109),AULA (CIT0109),AULA (CIT0109),LIVRE,LIVRE
José Gomes de Souza Lima (Matrícula 202405289),Quarta,AULA (CIT0097),AULA (CIT0097),AULA (CIT0097),AULA (CIT0097),LIVRE,AULA (CIT0505),AULA (CIT0505),AULA (CIT0101),AULA (CIT0101),LIVRE,LIVRE
José Gomes de Souza Lima (Matrícula 202405289),Quinta,AULA (IFI0327),AULA (IFI0327),LIVRE,LIVRE,LIVRE,AULA (CIT0099),AULA (CIT0099),AULA (CIT0099),AULA (CIT0099),LIVRE,LIVRE
José Gomes de Souza Lima (Matrícula 202405289),Sexta,AULA (IFI0325),AULA (IFI0325),LIVRE,LIVRE,LIVRE,LIVRE,LIVRE,AULA (CIT0100),AULA (CIT0100),LIVRE,LIVRE
Guilherme Junqueira Serafim (Matrícula 202301988),Segunda,LIVRE,LIVRE,AULA (CIT0557),AULA (CIT0557),LIVRE,AULA (IME0356),AULA (IME0356),LIVRE,LIVRE,LIVRE,LIVRE
Guilherme Junqueira Serafim (Matrícula 202301988),Terça,AULA (IFI0325),AULA (IFI0325),AULA (CIT0557),AULA (CIT0557),LIVRE,LIVRE,LIVRE,AULA (CIT0041),AULA (CIT0041),LIVRE,LIVRE
Guilherme Junqueira Serafim (Matrícula 202301988),Quarta,AULA (CIT0097),AULA (CIT0097),AULA (CIT0097),AULA (CIT0097),LIVRE,AULA (IME0356),AULA (IME0356),AULA (CIT0101),AULA (CIT0101),LIVRE,LIVRE
Guilherme Junqueira Serafim (Matrícula 202301988),Quinta,AULA (IFI0327),AULA (IFI0327),LIVRE,LIVRE,LIVRE,AULA (CIT0099),AULA (CIT0099),AULA (CIT0099),AULA (CIT0099),LIVRE,LIVRE
Guilherme Junqueira Serafim (Matrícula 202301988),Sexta,AULA (IFI0325),AULA (IFI0325),LIVRE,LIVRE,LIVRE,AULA (IME0356),AULA (IME0356),AULA (CIT0100),AULA (CIT0100),LIVRE,LIVRE
Kariny Lessa Cardoso (Matrícula 202304512),Segunda,LIVRE,LIVRE,AULA (IME0377),AULA (IME0377),LIVRE,AULA (CIT0098),AULA (CIT0098),AULA (CIT0098),AULA (CIT0098),LIVRE,LIVRE
Kariny Lessa Cardoso (Matrícula 202304512),Terça,AULA (CIT0506),AULA (CIT0506),AULA (CIT0506),AULA (CIT0506),LIVRE,AULA (IFI0325),AULA (IFI0325),LIVRE,LIVRE,LIVRE,LIVRE
Kariny Lessa Cardoso (Matrícula 202304512),Quarta,LIVRE,LIVRE,AULA (IME0377),AULA (IME0377),LIVRE,AULA (CIT0112),AULA (CIT0112),LIVRE,LIVRE,LIVRE,LIVRE
Kariny Lessa Cardoso (Matrícula 202304512),Quinta,LIVRE,LIVRE,LIVRE,LIVRE,LIVRE,AULA (CIT0507),AULA (CIT0507),AULA (CIT0507),AULA (CIT0507),LIVRE,LIVRE
Kariny Lessa Cardoso (Matrícula 202304512),Sexta,AULA (CIT0387),AULA (CIT0387),AULA (CIT0387),AULA (CIT0387),LIVRE,AULA (IFI0325),AULA (IFI0325),LIVRE,LIVRE,LIVRE,LIVRE
Maciane Favacho Barros (Matrícula 202409831),Segunda,LIVRE,LIVRE,LIVRE,LIVRE,LIVRE,LIVRE,LIVRE,LIVRE,LIVRE,LIVRE,LIVRE
Maciane Favacho Barros (Matrícula 202409831),Terça,LIVRE,LIVRE,AULA (IFI0203),AULA (IFI0203),LIVRE,LIVRE,LIVRE,LIVRE,LIVRE,AULA (IFI0326),AULA (IFI0326)
Maciane Favacho Barros (Matrícula 202409831),Quarta,LIVRE,LIVRE,AULA (CIT0362),AULA (CIT0362),LIVRE,LIVRE,LIVRE,AULA (IME0378),AULA (IME0378),LIVRE,LIVRE
Maciane Favacho Barros (Matrícula 202409831),Quinta,LIVRE,LIVRE,LIVRE,LIVRE,LIVRE,AULA (CIT0162),AULA (CIT0162),AULA (CIT0162),AULA (CIT0162),LIVRE,LIVRE
Maciane Favacho Barros (Matrícula 202409831),Sexta,AULA (CIT0361),AULA (CIT0361),AULA (IFI0203),AULA (IFI0203),LIVRE,LIVRE,LIVRE,AULA (IME0378),AULA (IME0378),LIVRE,LIVRE
Rennan Cavalcante Guevara (Matrícula 202203696),Segunda,LIVRE,LIVRE,AULA (CIT0557),AULA (CIT0557),LIVRE,LIVRE,LIVRE,LIVRE,LIVRE,LIVRE,LIVRE
Rennan Cavalcante Guevara (Matrícula 202203696),Terça,AULA (IFI0001),AULA (IFI0001),AULA (CIT0557),AULA (CIT0557),LIVRE,AULA (CIT0109),AULA (CIT0109),AULA (CIT0109),AULA (CIT0109),LIVRE,LIVRE
Rennan Cavalcante Guevara (Matrícula 202203696),Quarta,AULA (CIT0097),AULA (CIT0097),AULA (CIT0097),AULA (CIT0097),LIVRE,AULA (CIT0505),AULA (CIT0505),AULA (CIT0101),AULA (CIT0101),LIVRE,LIVRE
Rennan Cavalcante Guevara (Matrícula 202203696),Quinta,AULA (IFI0001),AULA (IFI0001),LIVRE,LIVRE,LIVRE,AULA (CIT0137),AULA (CIT0137),AULA (CIT0137),AULA (CIT0137),LIVRE,LIVRE
Rennan Cavalcante Guevara (Matrícula 202203696),Sexta,LIVRE,LIVRE,LIVRE,LIVRE,LIVRE,LIVRE,LIVRE,LIVRE,LIVRE,LIVRE,LIVRE
Rafael Augusto de Souza (Matrícula 202401102),Segunda,LIVRE,LIVRE,LIVRE,LIVRE,LIVRE,LIVRE,LIVRE,LIVRE,LIVRE,LIVRE,LIVRE
Rafael Augusto de Souza (Matrícula 202401102),Terça,LIVRE,LIVRE,LIVRE,LIVRE,LIVRE,LIVRE,LIVRE,LIVRE,LIVRE,LIVRE,LIVRE
Rafael Augusto de Souza (Matrícula 202401102),Quarta,AULA (CIT0097),AULA (CIT0097),AULA (CIT0097),AULA (CIT0097),LIVRE,AULA (CIT0505),AULA (CIT0505),AULA (CIT0101),AULA (CIT0101),LIVRE,LIVRE
Rafael Augusto de Souza (Matrícula 202401102),Quinta,LIVRE,LIVRE,LIVRE,LIVRE,LIVRE,AULA (CIT0099),AULA (CIT0099),AULA (CIT0099),AULA (CIT0099),LIVRE,LIVRE
Rafael Augusto de Souza (Matrícula 202401102),Sexta,LIVRE,LIVRE,LIVRE,LIVRE,LIVRE,LIVRE,LIVRE,AULA (CIT0100),AULA (CIT0100),LIVRE,LIVRE
